2005-2006,2006-2007,2007-2008,2008-2009,2009-2010,2010-2011,2011-2012,2012-2013,2013-2014,2014-2015,2015-2016,SA2_2016_A,Average,Disinvested
144.00008385587697,340.9999543912744,358.00006074281407,478.999842226044,649.9998032726088,619.9998358471252,306.9998079231175,404.0000028690672,273.9999195740718,307.0004379590196,470.9997476557159,206011105,395.90904511970325,False
144.00005837209173,340.9993481869157,357.9996754154838,478.9996019291854,649.9992070398291,620.0000701703543,155.99992873464407,451.99990120853903,227.00001346644717,672.999358987412,277.99991339525405,206011106,397.99973426419604,False
144.20810107718512,341.275985655917,358.28395253942256,479.3541033272063,650.1886194611207,621.0451080426433,92.04882753895774,60.213737724406805,61.51408357226001,401.9539155989824,149.28745475305175,206011107,305.39762629919574,False
293.99930448056364,260.9993551764792,464.998659540834,188.0012999781188,280.0001997736384,276.0003415780661,76.00003333025226,93.00002067600651,154.00003694542812,252.000041347822,184.00009887026945,206011108,229.36358106340714,True
293.97545912302485,261.1029584270865,464.9788253675322,188.20665395887897,280.09503653920024,276.357147181257,37.0543252867116,27.12492661957285,47.2650351194969,166.1054014921203,134.15206407515836,206011109,197.85616665363997,True
188.13372422799037,152.14541687712085,261.1422267421069,345.83584624082187,265.0592858941,288.0506688558746,31.000213222640298,42.00025514107898,42.00009572184041,194.9997807733108,49.000081557237706,206021110,169.03341775037478,True
187.99300513892376,152.00254567686352,260.9997733450582,346.00520633872657,265.0317902388342,288.0623291735683,92.99986929679362,440.9992832586808,257.9996287964616,293.99991272690534,209.9997121167527,206021111,254.19027782796076,False
188.0228980588572,152.0238301366171,261.03277597158376,345.9752719767393,265.01101991929136,288.0067275189549,56.00161197958977,118.00053296030276,126.00205585898652,185.0023725929966,206.0039581614496,206021112,199.1893686486699,True
250.003519187925,447.00857665684026,427.013874750853,561.017587869759,451.039222691094,921.044237008977,44.99868489846894,93.99822750533328,191.99397632623703,176.99456657963728,135.99590578332533,206031113,336.46439811440456,False
250.00080240813,446.933907342143,427.0031810265707,560.8822562566813,450.97276231490105,920.7783961842,136.94926673985103,256.83835009590206,534.6299399983129,359.963733588076,413.7910292891323,206031114,432.61305684035455,False
250.00014437785975,447.0003755466911,427.0005946445485,561.00076476917,451.0016804996653,921.0019327758754,14.015936648603985,12.014296303549436,22.028392472960757,350.03538177617975,30.013865189716377,206031115,316.828487727711,False
249.9992865888079,446.999272762225,426.9995295061493,560.999431787704,451.0013396610817,920.9979371217646,79.00033644965214,104.00043254734584,139.0012269718207,170.00230766724252,203.00057294959825,206031116,341.0910612739447,False
354.9984092133375,722.9962963650812,867.9959281799958,1127.995150927627,1707.9926110510771,2360.9908217285947,242.0027006531336,1054.0003438348822,156.00292449943245,638.0044953365682,144.0023804710504,206041117,852.4529147509801,False
1.622448871202394,611.511709339856,521.5904638412023,868.192675992551,161.10220207460296,2258.4705167870206,732.6367810150672,204.06331532423272,653.9977844678165,1695.2175277994284,1164.6534196366165,206041118,806.6417131954179,False
354.9993557335528,722.9982617278733,867.9980900060319,1127.9972397905983,1707.99589087509,2360.9953570079733,8.00485629596408,0.0008717003514389,4.003597314547325,233.00090864433736,281.0066448119353,206041119,697.1819158098413,False
354.99970325479023,722.9991356937122,867.9986417363446,1127.998221968453,1707.9960903883032,2360.995433625784,5.601285018386193e-05,0.0001179320207782,6.033272974903525e-05,9.240759520778852e-05,0.0001729486831756,206041120,649.3625205728423,False
319.33780703834054,629.2593254695687,718.2187327722464,935.4240614456596,1281.0724450260868,1871.918234323862,82.00003613801316,17.00011182036461,17.000110099988227,24.000205664743905,45.00012719444045,206041121,540.021017908483,False
68.07324206829071,139.420503699086,685.6312136973911,443.10453844770007,435.4717321331302,1804.1678632092876,2395.999049321551,1779.9992414971166,2418.9990438234936,4275.998337881315,2001.999370309729,206041122,1495.3512850989173,False
342.13071503425647,689.1721920054986,813.9490534384032,1058.5059266581268,1553.9364116779511,2184.507149547541,384.0081722198656,344.0069390595616,682.0059939911063,1185.0114370035512,352.00650160892707,206041123,871.7491356586171,False
354.63650220140335,722.3411732116892,867.1197843194259,1126.8798328691971,1706.1710215949151,2357.9957336709103,176.9999349130597,59.000925151506166,2.000324556957388,233.0007464159911,85.00019672464984,206041124,699.1951068754278,False
354.9999765557409,722.9980218998178,867.9971340370633,1127.995145374459,1707.9929579673644,2360.993429260764,6.000444485000287,58.00009403475279,7.00159010624084,384.9989186143379,264.0013467010473,206041125,714.8162780942353,False
156.2494417404802,660.1060174002232,672.8840119594978,981.246772472306,837.0128260284745,2302.447636720208,1710.5228223200772,206.94305844362327,1239.860349576708,348.88044286458927,2839.2766459564064,206041126,1086.8572750438723,False
327.6093301339012,714.3583518843088,841.1493432065113,1107.8619233693082,1588.0980865493486,2353.0524527300377,56.78820240686592,15.817405467137547,50.69225917645013,131.3984514361733,90.2740687418034,206041127,661.5545341001679,False
384.6355485863037,434.6627691709232,450.5496296006477,162.16855744416898,327.1573717736956,978.043938342042,11.005137527965111,12.00104556747871,335.99851025062253,7.001577064626682,573.9999457718875,206051128,334.2930937363965,False
233.9999811910328,294.999943177358,263.9999817988197,230.99993560082464,390.99978498428266,994.998900762292,67.00003892403598,30.00005371265931,111.00004225201938,50.000097034523634,78.0000510204575,206051129,249.63625549620963,False
384.9236973829102,435.732598420931,452.0607374245301,164.4572279099375,330.51287145446986,981.5179735778364,92.78235952651237,125.68596290358884,56.86062234544204,47.88090749165048,53.61832118217082,206051130,284.18484360181634,False
358.4870861371384,642.5612429306467,749.0520837907601,859.7249639122562,1308.7174925382526,1980.527829094574,9.538918881308064,3.641813086249584,8.508372680454187,22.00479947530252,303.37760915085846,206051131,567.8311101525272,False
384.894179643425,435.04840803347145,451.0190007533944,162.19384360328593,326.9525132885893,978.351951604527,602.2807361164573,124.01741693245548,177.29547095410408,95.06617508059936,627.6080230573693,206051132,396.7934290061526,False
238.79561723578664,299.4463237037216,269.9390184606644,228.8089522855139,388.9678811975048,994.4606487866088,393.9999163886695,92.00000387932742,591.9998915863041,439.99989533545966,432.9999541129688,206051133,397.4016457247754,False
234.0021357700789,295.00033848702697,264.0011656356346,231.0016676991436,391.0017199936501,994.9975845601876,25.00024723005276,60.00018283452532,97.00018334733568,44.00104721189021,106.00025984608456,206051134,249.27332114687363,False
229.2503613688937,257.20628014712736,195.1903448729928,365.23475657894255,574.5777849416793,1035.7376857105328,11.000534354457995,11.000653133179751,33.000490474965275,518.0002923948194,139.00031796694884,206061135,306.29086381314,False
277.9999873009414,289.00010754539625,245.00016345974404,555.9999293572512,838.9999215902221,1695.9996985786534,472.9999156019743,362.999906975248,292.0000418205636,264.0000446889108,118.00006843220802,206061136,492.0908895773739,False
277.92553346632417,288.9274941207507,244.8901559045544,555.6450422297694,838.5960683115018,1694.9113764449446,394.9998235373438,652.9995417849816,1352.998964647838,661.9996786105792,443.9998102207137,206061137,673.4448626617547,False
252.86673931836413,272.27670857721387,219.01110694812812,456.5990652273322,701.2863135062871,1351.0610932369818,89.36977453022739,46.48526827878746,39.21992219868844,98.21155076524346,96.08068946511553,206061138,329.3152938229427,False
113.00027085096326,159.00036066318353,246.99923988527144,389.9977213853599,583.9969143904036,962.9945354212118,779.9964740874052,372.9991037582748,307.0000208947366,418.9986823988109,32.000831113549445,206071139,396.99855953174284,False
208.90309390621317,382.50973593348107,493.0984478604256,682.464806285675,1029.4341714805755,1517.018473387737,2.00012798450776,5.000099163195145,11.000020633710784,9.000211423139804,13.000072018983651,206071140,395.76629637069493,False
113.01157032541596,159.02696071856553,247.02968880352276,390.0352868139453,584.0537425984076,963.0668545119806,226.99955634215587,42.00023713980743,688.9965312869033,96.99989029286338,223.99894235922824,206071141,339.56538738116325,False
113.00151341445188,159.0035274661891,247.00388373452915,390.0046151429742,584.0070290573913,963.0087417868511,10.000231722842358,54.000628838742685,150.00020688706024,194.00025188819063,80.0001101647207,206071142,267.6391581912676,False
114.9804710090174,170.62720416496492,254.0913245928168,395.68583635920186,588.2164354808024,941.087145965558,18.008403808532115,95.9989872362275,84.9962002811519,246.985396646194,61.996419700539846,206071143,270.24307502227333,False
203.05244459014847,215.04348771548163,133.0709015588697,198.2228095578924,431.2542069646061,601.6523654671878,676.9841558857502,262.00222313153915,419.9891620510673,408.9919765678539,349.99101838456966,206071144,354.56861380681505,False
113.08284513327384,159.05494974630392,247.0574834437093,389.90750264643145,583.8773499484266,962.7180015863614,134.9998731656733,80.00012224075627,31.000232899911467,42.00034009242154,11.000179253881022,206071145,250.42717092337733,False
221.99447313743667,171.0096008573164,226.9881464750183,209.99791346322536,238.0166603315397,259.031088612493,40.00012893264909,60.00015423702774,69.00010310940081,103.00039908967562,62.00038283937943,207011146,151.00355009865112,True
165.0001348243125,193.0000584843908,220.00017833150932,144.00001689185547,298.00006741088214,219.000447544278,87.99998820893217,227.99991391867263,183.99995537241367,328.99987678507904,131.99999640770125,207011147,200.00005765272974,True
165.9565353056907,193.67843964737136,220.48883059993244,144.66144165073416,299.59675387039715,220.9679700523377,96.99999411312992,72.00000456694292,128.000003581238,186.00002504519688,208.00000698759945,207011148,176.03181867459733,True
222.0005280530868,171.00014003343878,227.0003877089192,210.0000791714808,238.00080084778173,259.00107559214734,105.9998908833096,194.9998533461284,340.99915140969244,204.99985503005905,145.00014769226016,207011149,210.81835543348225,True
234.86407755670828,168.5227746159782,222.3072694587243,217.03519016310156,259.1773557642005,255.0532139669102,74.8884069758433,89.90403734254005,54.05107781615668,109.98197506995275,99.89332704714651,207011150,162.33442779793293,True
413.8596544108715,134.05842146814666,156.99627679312255,314.9266260057402,553.8682391059515,200.1538727386902,359.85291169216646,401.8007273747647,199.9498759486753,252.92075379592688,155.0169582247732,207011151,285.7640288689845,False
413.9987345950401,134.00029204516068,157.0002807256356,314.99918745400623,553.998091637421,200.00031106801595,124.00005412909373,76.00011162066669,444.9998265876328,331.99989971600024,88.00005150230137,207011152,258.0906219164522,False
133.0005256342838,203.9997198228125,153.0003762441047,64.00165580689713,112.00259485402512,153.00288443430009,127.99966447522264,226.99880034308688,275.9983443391146,183.99915050289155,167.99902015674928,207011153,163.8184306012262,True
133.29856720015948,203.89749780882755,153.6250158375003,64.74616545302328,113.73469674883664,153.61576848507906,19.00015736717113,25.000249230227723,33.00030962750464,51.00020002764138,36.00026511279342,207011154,89.71989935443315,True
192.4182822163612,182.41764711919663,223.3673729147823,175.7472888198942,269.1389971469612,238.2413767646632,45.00005042172434,68.00010325500014,62.000238935643175,106.0000818162239,103.00002542858608,207011155,151.3937695308215,True
391.9523199600257,353.9661858624568,335.9756729769938,300.967008456194,676.9203301866088,685.9018455782033,21.00001997941503,44.00001174944381,55.00001796721584,95.00004911840652,78.00006765430405,207021156,276.243957226297,False
391.6539791556425,353.7252337226528,335.9017101250356,300.71221235074336,676.3236905083759,685.4074082940933,116.99998602254225,105.99998490375482,260.99996650248494,931.9996711439736,795.9997444016623,207021157,450.52032610281464,False
362.46408104093183,327.3497832714987,311.89598154529006,277.8295825490921,622.1718183063462,630.6625781151855,34.000010006440185,35.000009241969984,49.0000301090671,60.000044568376666,96.0000347160082,207021159,255.1249048609279,False
391.99999878245177,354.00000026501294,336.0000056230541,300.99999556152045,676.9999799881283,685.9999768885153,61.00000853971022,34.00002810075016,63.00006560734427,104.00027369164648,81.00024103352987,207021160,280.818234007424,False
390.8513242630288,352.9635511878878,335.0625741677359,300.0988840153441,674.8676906803157,683.8478858140297,103.9999172336406,101.99991513067718,345.9996385460165,198.99982081755093,313.9997132835134,207021424,345.69917410361273,False
391.6564479203529,353.7471976072584,335.75238945982875,300.79775696131827,676.3556707661847,685.3764265146094,103.99993618134812,101.99991319796528,345.99954343594806,198.99987281004897,313.99963415059506,207021425,346.24407172776887,False
127.07766890979588,159.05702248261355,145.0563455920751,145.0454951255076,180.14524999828652,205.1414836888196,192.9997957087871,162.9999442952995,112.0001212125918,356.9999187269801,233.00057458273355,207031161,183.59305639304455,True
127.00018603541275,159.00008944920546,145.00027001642138,145.00002625672323,180.00019422126115,205.00052527210076,28.000026189187757,35.00003961941974,43.000027639262775,119.00006665377614,116.00009432892202,207031162,118.36377688015392,True
350.9984369963486,266.9992457275648,469.997732522811,176.99977582963857,413.9983668895329,836.9955911654079,185.9999529418758,281.99990482177776,200.99994151010955,632.9997597742988,1057.9995177399871,207031163,443.27165690175934,False
351.0008382179056,267.00256772609333,469.995048884728,177.0038927366861,414.0079760882192,836.9937635356412,133.0000073495648,88.00002685765097,224.99999727987705,150.00013220114676,186.00008911233547,207031164,299.8185763627135,False
350.99860927663894,266.9995127265168,469.9978203527687,177.00002527421225,413.9986392771957,836.9956681305503,76.00000233152736,221.9999073768726,91.99999343104317,180.9999837588724,265.9999515186402,207031165,304.8172830413489,False
127.00082551553874,159.0008588411885,145.0009367946387,145.00052737209074,180.00112621372074,205.00181521872224,61.999996306600345,28.000022343231603,26.000025324068627,55.00002296472724,43.00002468573821,207031166,106.81874378002416,True
350.9998775016606,266.99994275897404,469.99981551241456,176.99999792176055,413.9999028716206,836.9995397080312,42.00017078150351,43.000294423298186,94.00012994896878,43.0007039313628,70.00113091328431,207031167,255.27286420662537,False
275.0000950489266,279.0001332144394,292.0002462359715,426.00007821538975,277.0001992237572,352.0003735047756,106.00001158448704,66.00003999554878,59.0000190779257,160.000022685252,88.00001608950524,208011168,216.363748625089,True
219.00029448691717,255.000132186232,249.0001896024511,187.0003286290613,249.00039315811728,282.00109135002344,213.99996697280423,249.9999568538703,140.99998310498182,421.99992164525264,133.99999478513672,208011169,236.54565934316798,False
219.00062408733493,255.00027263099128,249.000706005113,187.00126473166392,249.00073614632493,282.0013286716889,84.00017295995293,71.0002030084556,87.00034952289857,108.00026573068617,136.0008455876997,208011170,175.18243355298273,True
275.00023219393915,279.0003371773796,292.00064794287005,426.0001690235931,277.0005197365142,352.00099287482567,181.000017293398,56.00009238209383,57.0000187839153,72.00005975766301,273.00004071196173,208011171,230.9093752616504,True
274.99940661393066,278.9998377081471,291.999714597102,425.9971399871297,276.9998530317769,351.9995074458894,166.99921502865448,102.999710294819,81.00006186348378,213.99900523494176,165.9997218913228,208011172,239.27210669974522,False
275.0,279.0,292.0,426.0,277.0,352.0,54.000118138703584,388.9997192885168,107.9999719744875,288.9999024628197,112.00008439365516,208011173,259.36361784165297,False
217.0000939282883,263.000078389901,314.99999698950427,264.99994625889724,305.9999881847847,453.9998032012997,134.00000619262028,129.00001678490267,220.0000063202945,174.00001350545267,476.9999224345328,208021174,268.54544292640713,False
483.9987856290034,338.99957374151217,412.9990298303841,343.9994390627997,475.99942059367606,502.99979812442496,166.99977944289896,70.00005537952782,186.9998346456408,309.9997704643933,189.00084143535676,208021176,316.54512075905626,False
483.9993766753406,338.99981683691743,412.99949257641504,343.9999715474451,476.0001323284271,503.00119454959537,115.99993151461824,166.9998990898504,146.99995472575048,663.9995578541984,233.9999214363837,208021177,353.36356810317653,False
483.9998813068586,338.9999572168819,412.99993374844223,343.9999408812779,475.999905958137,502.9999265135426,188.9999310910225,106.00000101469374,129.99996924968966,91.00004295796153,139.00000883180422,208021178,292.1817726154828,False
483.9987800706882,338.9996134283963,412.9992428127888,343.9992807891865,475.9989720177885,502.9990811614492,47.0000836528148,138.00001040009357,72.0000375117816,76.00010988461943,171.99996988980675,208021179,278.5450165108559,False
205.00117763450635,255.00030422803047,394.9981085530171,228.0007126358905,319.00059700282145,970.99025163553,49.00075858720119,96.00073823201058,54.001597498737794,42.0012960358583,76.0014226900549,208021180,244.54517861215075,False
483.9983715202532,338.99952043869007,412.9995100458364,343.9994075987629,475.99906276669685,503.0009778179035,24.00011168171152,47.000056555312646,107.00000679274032,82.0001108343875,26.00015130322116,208021181,258.6361170323197,False
386.5253621259113,311.25439798872253,377.22277611393184,315.1591752611573,413.93748477000446,485.1113662787296,60.00005242119886,73.00001189817428,54.00005854411609,95.00005330231104,133.000030899956,208021182,245.83734269129215,False
217.00029885280367,263.00007873795187,315.00023164575,265.00004049943755,306.0002202557997,454.000803606683,177.99998389362082,225.99996421824912,316.9999722314094,250.99998922152224,310.00003436841564,208021426,282.0001470483312,False
217.0002595594997,263.0002702177156,315.0004441012922,265.0003737375201,306.00033607344284,454.0005747884523,177.99994043611198,225.99988633716956,316.99984451185145,250.999926134781,309.99989352601443,208021427,282.00015903853193,False
320.518849067299,416.0245982479046,500.720805053239,387.4085292536584,363.6797195980271,468.9558663713288,11.00540605850192,10.00426909010774,8.0092523710736,13.009131786661683,5.008907010263229,208031183,227.66775762800592,True
383.9999770046167,437.9999533461972,598.9997637799991,503.9997399000285,522.9996809510285,822.9993211319396,9.870395221667216e-05,7.696470407481115e-05,9.814619680548198e-05,0.0001450216367484,0.0001060420698031,208031184,297.36354190839717,False
280.0006011332728,401.9999025117314,437.9996580302525,312.9997553862568,262.0002180184948,243.00041105630797,53.00026491405912,32.000286249781624,29.000496467822487,68.00040894186556,73.00041238305849,208031185,199.3638559175367,True
280.0,402.0,438.0,313.0,262.0,243.0,79.99998768805611,48.99999386345034,107.999982513207,169.9999692933965,114.99998350034784,208031186,223.63635607804164,True
280.0002229126735,402.0000072100327,437.99995829205136,312.99998619191547,262.00004874286674,243.00016123312665,6.000221527107577,11.000150814513546,8.000320089766582,18.00033970406168,0.0003613736147016,208031187,180.09107073561185,True
384.0000067270037,438.000006824851,599.0000071428549,504.0000104207403,523.0000067759273,823.0000086105647,287.9998609872566,296.9998048767187,104.99999489003416,200.99991513649323,500.9996619771938,208031188,423.9090258517853,False
280.1351590901613,402.0467798367608,438.20923657913227,313.2482288265601,262.3392060023034,243.753797790152,40.99999774553375,47.99999309470782,142.99996764755574,58.99999955371021,124.99997315690688,208031189,214.15748539304403,True
383.99996074517696,437.9999399740752,598.999878517866,503.9999770966636,522.9999036295845,822.9998114495929,170.00003412644344,102.00010844669282,165.99990529871388,140.00002322315825,106.00024924462134,208031190,359.5454356138718,False
383.99699018947376,437.9956894655761,598.9917391764166,503.9977070644936,522.9933931998439,822.9874040607665,91.00200033879676,14.002360645656342,24.001508082425577,163.0013241989659,77.00239549048136,208031191,330.9065919920815,False
384.0,438.0,599.0,504.0,523.0,823.0,4.237090171377257e-05,3.431046297080423e-05,2.0953533291328944e-05,3.912560539797122e-05,5.73447518241564e-05,208031192,297.3636540095686,False
383.9999679883285,437.99996754850144,598.9999501255523,503.9999553054815,522.999950533364,822.9999138365441,108.00004680471594,81.0000088452245,86.00007463573758,157.99995322575612,102.99998896895588,208031193,346.0908888925602,False
186.0245758453677,228.98980512239729,151.0007735295107,196.01281695669968,340.0229306072331,449.97307210176206,141.00499111296705,98.0071328035313,172.02190071689105,141.01817251696525,241.98528379606464,208041194,213.27831410085363,True
186.00468181494216,229.00242051463212,151.00888927055962,196.00289013503607,340.0009395143388,450.0057222648632,92.00050879314776,95.0016676241026,134.00069539534456,246.0042381833488,587.9919651110815,208041195,246.09314714739975,False
236.70674320502556,231.34967303802705,266.00826978910027,145.6640450404409,209.29912008024303,170.7304911000972,11.00001421202346,10.000015576523698,15.999998723611215,11.00005512777826,54.99999712457715,209011196,123.88712936522255,True
238.3174198785219,233.23597045743173,268.5250459374128,146.17501449747868,211.44772381499064,171.66774798792005,43.00000709695037,63.99999797637295,86.99998858252088,72.99999706212702,84.99998970481505,209011197,147.39717299968564,True
316.000013736465,291.0000100547429,396.9999591432115,189.0000329291869,321.0001174943144,335.0001149955017,62.99998710225447,141.99979414606318,105.00000517519578,111.00000366296956,200.0000700169705,209011198,224.54546440517052,True
316.0164189321368,291.01257916810573,397.022179397929,189.0407000665291,321.0465574757254,335.03513584313623,112.0060859596246,136.00169119642783,226.00622502166607,166.0138641951201,559.0054079868061,209011199,277.1097132039279,False
315.8637863606884,290.870721932863,396.8688029315536,189.157092870114,321.01367964154457,335.0957947663268,60.00040032478285,50.00030230460677,106.00055178840503,177.00058553837914,418.0003326266806,209011200,241.80655009872225,False
316.000041400056,291.0000374929341,397.00000799890097,189.00004514871733,321.00012551239246,335.00012212796383,37.00000591017202,31.00001196070374,35.0000270589297,34.000055207238056,108.00007751395904,209011201,190.36368703017885,True
238.1169238712539,233.0868237726002,268.1940500162759,146.06451449966474,211.16564136519835,171.24776722219593,32.00000551832894,58.99999615506093,76.99999455266104,94.9999936488018,64.00000219213038,209011202,144.98870116492472,True
315.9187898630972,290.9429967298015,396.8201754415937,189.244777329882,321.099596302932,334.83489755656285,30.000015522874943,34.00001501195076,42.00000956627576,83.00007590918803,42.00002901004324,209011203,189.07830711310928,True
238.03520247644303,233.0261693413602,268.0582198311092,146.019427928596,211.04966103053096,171.0740429047171,12.000013749311384,31.000006175141085,20.000021735488215,15.000035298158163,38.00001839525814,209011204,125.75116535146485,True
486.8882980821944,421.9144403934032,627.8490522147374,612.7238358480739,805.6838020146424,700.7610778515086,107.99985141762248,49.99997770868336,41.000005610918464,537.9986439581256,113.99993216136792,209021205,409.7108106601161,False
486.989718827485,421.9940346094363,627.9798879187206,612.9820844139249,805.9856189192845,700.9896811416465,295.99996020194624,208.99997541124264,179.99999716262104,340.0000449081351,267.0000091052275,209021207,449.90191023815186,False
486.47595261493774,421.6434647534844,627.6624214215691,612.2509245177429,805.0356617237907,700.4089134158856,93.0000345336213,124.00001840181072,142.0000170075571,98.0000483312603,155.00003483069656,209021208,387.77068105021425,False
486.9785373841164,421.983493849074,627.9710633852011,612.9475265743843,805.9396211202971,700.9544222883305,257.9993392137318,184.9997763379581,383.9992209646365,482.99859467590295,701.9991164142197,209021428,515.3427920188956,False
486.9143401330266,421.9284704521724,627.9272463842042,612.8127548682019,805.7675216738214,700.8122425931724,257.9998890497794,184.99995782167755,383.999864757374,482.9998290987167,701.9997308598404,209021429,515.2874406992715,False
62.83348892731624,82.56945761136996,78.48393879253967,57.61365268510039,63.96034937374921,81.13581629087986,64.99999163556949,62.99999391855207,71.99999432838797,67.99999573939749,68.99999596854616,209031209,69.41787957012804,True
58.65226289629936,47.654141798615456,48.09649910032749,42.98872761428356,63.104012072086334,62.6541411280632,2.0000071571374614,8.000002890828155,10.000004719801067,9.000007063619904,14.00000445744124,209031210,33.28634644531848,True
56.54821471958399,55.79258902438506,57.753065433794205,48.69304882094195,271.3938276984936,120.69844703199216,46.00000378695204,34.00000424326703,25.000003731275555,22.00000378959616,22.00000387116481,209031211,69.07992837740423,True
30.607138242025368,24.53081298763899,21.758111736401137,24.959829620786444,55.94794424748412,44.16492590718104,15.000038711373502,13.000028973981555,16.000026965896485,15.0000340530987,18.000036663749476,209031212,25.3608116463288,True
159.00168758464216,134.91474259536028,149.90053636488483,121.52379396951343,112.5524057676644,149.91504852795842,27.00019661261142,38.00021102739389,36.000138471281474,36.000227693891745,43.00012365458746,209031213,91.6190102063445,True
50.57413588210255,71.566018028363,65.76009742452342,47.89487600125906,57.93261753710991,70.31266124489872,12.000006598929748,13.000004420505508,17.000004459769308,7.000007119758651,11.000006406965788,209031214,38.549130465835056,True
134.78144249276727,117.78730822030415,128.61722435208753,103.99583949898454,100.46554257651012,130.72049179591994,43.99999570759652,24.000000712934835,40.99999821368923,59.99999391155491,45.99999762914725,209031215,84.66980319195422,True
65.00218167057301,113.00063105245236,90.00142155205782,300.9962551801277,199.9982733513801,100.00127428089542,99.9997333739993,309.9990688302744,88.9998072588183,258.99924348622244,15.000060526340151,209041216,149.27254096028557,True
65.00410051465023,113.00304532780088,90.00498198330438,301.00258036540663,200.0058213091289,100.00593205543356,19.000294443650347,19.001014689684467,8.000302067986873,26.00083399505874,45.99991111586601,209041217,89.72989253345192,True
223.97745480309072,270.9784872133082,106.00664905587723,144.02977778574518,438.974186555967,441.957342472409,235.96793590834068,227.96918449658392,209.97287760424013,243.96809662316988,183.97672054539584,209041219,247.9798830058298,False
65.03057723064816,113.04006504417482,90.05540767955365,301.0633947343546,200.09171572246925,100.09717769508092,12.002149850204535,87.00133966988466,18.00154578666985,132.00166593670124,12.001777279710854,209041220,102.7624378754048,True
65.18618328306117,113.18500385409754,90.01873108624295,300.8161214227416,200.27983783724628,100.4004641976857,2.274129361449216,3.2638750304515938,12.23194788585046,11.273170905572542,14.19906179322746,209041221,83.01168424160241,True
223.9995855408061,270.99951534676904,106.00030334768267,144.00089878762884,438.9993724853644,441.9989108888907,61.9998546873447,78.99980148747699,124.99958269531872,86.99979575608404,84.99986137113831,209041223,187.63613476313674,True
228.3075757038098,214.47424386824105,216.69511011482973,262.86657961959804,563.0253468823016,619.9612626002045,294.9953142655368,363.99388413929927,298.99468731972865,307.99578072770106,289.9969581580936,209041224,332.8460675817585,False
1056.60833633515,1413.978865457102,1894.192527579624,2370.421440967897,3182.517676217525,3257.4159037339705,79.00001435408394,82.0000165137163,50.00001603179818,85.00001716366631,106.00001567035072,209041225,1234.2849845477167,False
1057.9984678651017,1415.997923578556,1896.9972011554607,2373.9964928393406,3186.995324297753,3261.9951953730097,1865.9987881905247,1202.9992217279726,1331.9991388265744,1534.999005426995,1530.99901046059,209041430,1878.270524521989,False
655.6537503004074,863.6181572973728,1032.968654036522,1298.182076573372,1861.283571213484,1901.54864269495,884.0001631036579,1037.0000494705655,814.0000946150747,1194.000078523684,845.0001195521961,209041431,1126.1141233982987,False
804.8391893302438,1068.220815591524,1353.0769225745416,1696.4889336881392,2352.06957318071,2405.1417830895352,883.999929512099,1036.999919374677,813.999935975083,1193.999905091792,844.9999460557245,209041432,1313.9851684967336,False
1017.5380733013152,1360.449753049761,1810.108741544187,2265.810437500477,3053.679408106953,3125.18629219383,884.0,1037.0,814.0,1194.0,845.0,209041433,1582.4338823360476,False
1057.9999369382858,1415.999915599823,1896.9998869299889,2373.9998584985733,3186.999810039997,3261.9998055696487,1865.999830059832,1202.9999180447746,1331.999889265693,1534.9998876494246,1530.9998680730582,209041434,1878.2726006062817,False
1057.9998354541203,1415.9997677279994,1896.9996840933657,2373.9995943462404,3186.999447337789,3261.999439863916,1865.9984713628448,1202.9996179423863,1331.999146200396,1534.9993448269636,1530.99890222126,209041435,1878.2721137615713,False
1046.9230942710374,1400.952749961246,1874.077657795409,2345.929320643345,3151.259267847613,3225.0656989706367,1865.996745536692,1202.998060939045,1331.997706324515,1534.9975484491797,1530.9973440700644,209041436,1864.65410861898,False
1057.8639940603462,1415.6878647897977,1896.5527922417969,2373.288357444544,3186.098401801486,3261.0444639165653,884.0000562572847,1037.0000354582291,814.0000486063685,1194.0000495461709,845.0000764344204,209041437,1633.1396491415462,False
160.99995697686643,199.0000725759495,198.9999766464425,226.99992538641916,334.9999894303214,308.99990986654484,79.99997389717005,82.00000688324282,122.99995850577702,91.99997262290852,153.99994292104708,210011226,178.27269870115356,True
161.00000518611978,199.0000198666733,199.0000179163681,227.00002764555305,335.000004044271,309.0000529758855,1.8767923955165244e-05,2.4481373799511985e-05,3.7628543453127605e-05,3.670641608777281e-05,4.935970451902527e-05,210011227,130.00002677989386,True
134.1064580666049,314.9630766982376,203.91295771714493,159.99191717034387,362.3420266932232,235.502121244202,22.00037052334868,211.0000119571097,15.000502520513315,46.0003860370151,23.000478097081565,210011228,157.07457333862047,True
160.9996098533262,199.00130818757333,199.0000755041981,226.99928383125544,335.0002818202254,308.9988216072426,205.99983497120928,151.00012388754715,289.99975061555574,187.99987410559285,195.99985438964137,210011229,223.72716534303336,True
161.00018416121577,199.0004121408381,199.0004096368504,227.00055783294448,335.00025860574124,309.0009756101101,67.00009731704552,65.00029486191866,114.00024589268354,71.0001820409434,79.00020749027948,210011230,166.00034778096096,True
208.8480936224123,332.321357874466,321.5753444510567,406.5506950558056,397.3580315365582,637.9980507771475,52.00353706088703,70.00624898337864,87.01401565281041,129.00919811543395,166.00822833911138,210011231,255.3357092244607,False
148.1293990923333,133.54463356336964,174.96550299998626,163.25106873589542,267.856149705552,217.52789634647445,74.00269547071183,105.99852238949067,199.99502254939557,144.99859479132206,117.99894933539224,210021232,158.93349408908395,True
148.99780231743352,134.99635073119134,176.99490130852791,164.9955994963675,270.99211033439497,219.9937743790215,9.001079907571334,8.000759238472785,10.000979185409363,6.000708066166819,3.001781279999456,210021233,104.8159860222324,True
112.959911691448,75.22618390899447,93.49245304391025,92.91980208341498,141.78305409921444,118.03288545669278,28.998910960077808,21.99924644936445,27.99902477923985,18.99929979545371,35.99819918365332,210021234,69.8553610410422,True
109.96422584288725,72.4050202864498,89.44878978250989,88.69609960328873,135.21494134188558,113.40674609732658,74.00000588186992,62.00000783764661,49.00000619544537,64.00000677385965,64.00000699301782,210021235,83.83053242147157,True
294.0002892401536,261.0002652091993,465.000281869064,188.00073964566025,280.00090610307217,276.0007883745209,33.000157987976515,110.0000644167715,147.00013567636012,109.00024849539832,234.00020401127875,210031236,217.90946191176866,True
268.3255926941622,273.18725065791466,487.1649205154169,300.2931350010845,403.4019062642199,454.1278730197898,76.00003663629252,65.0000527681072,77.00005647818426,108.00004744216864,98.00007909873769,210031237,237.31826823418893,False
280.77095312738675,267.11053372747847,476.011388292216,244.82722521063988,342.3328853327839,366.3203117111407,248.99662157672967,300.99602398999303,296.996405762734,359.9960678703778,386.9962787787125,210031239,324.6686086709266,False
267.9999620548453,272.9999740592521,486.9999427446065,299.99997835325945,403.00000677118646,453.9999642161936,283.99999228989543,289.9999957986938,307.99999458455886,441.9999852413253,501.999980701097,210031438,364.6363433468104,False
267.99908864635023,272.9999200653012,486.9982596124783,299.99908860153863,402.99950300649033,453.9985872827769,283.9998794850551,289.9998984258805,307.99987095743387,441.9998278966228,501.9997989453005,210031439,364.6357929932026,False
268.0000001848999,272.99999598208933,486.9999927676614,299.99998478483906,402.9999825615034,453.9999760446461,283.99997085710754,289.99997410087985,307.9999720483613,441.9999510794905,501.9999398875392,210031440,364.6363400271834,False
432.000106302034,320.0001462718707,256.000245511336,252.00021943610128,307.0003491719612,240.00036204153443,35.000529412156354,129.0001134728709,33.00040897538695,38.00062800683179,41.00075806209061,210041240,189.36398787856126,True
552.641623499773,461.4371253273877,525.4787573885413,534.5118779471984,684.1820799974045,603.4174764589718,236.9995121493989,209.99961817489475,182.99964335929872,269.9994455741962,322.99932305583025,210041241,416.78786208480875,False
80.00001498605056,124.00001019835662,194.00002143534016,160.00000837740217,339.9999963445351,234.00001364737085,99.99997954972096,95.9999830755497,139.9999718759575,111.9999895495046,125.9999838261385,210051242,155.09090662417518,True
80.01181776376029,124.01109684498196,194.0093311384403,160.00981918329222,340.0148227054684,234.0174162507425,24.00035353480611,30.000310996822467,48.00041375164265,37.000350242170605,23.00045789064226,210051243,117.64329002752453,True
331.5544643357315,355.58982167770785,472.052998445463,422.4442614800581,687.7477067434788,606.4312784271206,29.00000967341721,34.00000955883705,37.00001505736303,85.000001137654,91.0000027832017,210051245,286.5291426654575,False
669.9116907236802,628.3784173856396,747.1730579361126,692.2417302240823,998.4099033412804,951.6428469153814,107.1368910455633,255.79361826674733,307.43114846430194,430.2415275561033,455.26794006939423,210051246,567.6026156298442,False
80.00172566758783,124.00159080202592,194.00191183478452,160.00180355218026,340.0023950876139,234.0025596863325,23.000015865373435,23.000038313733647,18.000049277055545,30.000063035587857,35.00006312469743,210051247,114.63747420427025,True
772.9994782313665,761.9995502886336,959.99940531731,882.9994368679421,1297.9992579261436,1259.9991980116838,1.000011798735061,4.448100361997831e-05,2.7276470342840756e-05,1.00003865010021,3.861853246966973e-05,210051248,539.8178624970838,False
773.1447318373102,762.3362565316384,960.4824048563078,883.7697803021583,1298.9750781928851,1261.0333618589775,163.354681535908,170.97380930068746,73.68353490289417,118.5780229882362,154.45343187327944,210051249,601.8895540163893,False
80.18314510914558,124.14565689774132,194.28429758263155,160.13701943006322,340.0637998175557,234.21495325221625,32.99994322643106,21.999989357429925,36.99993293820955,19.00000809677131,27.99998629089176,210051250,115.63897563628065,True
773.0426991954446,762.0980550348759,960.1404949016868,883.2236079499125,1298.28328403458,1260.3002382740378,913.9999712912028,1173.9999602541611,1082.999959177419,1430.9999495125392,1559.9999316496971,210051441,1099.9171046614144,False
773.4474867726676,763.0267930012196,961.4710993336048,885.3408393771388,1300.9657038517762,1263.1431041290052,913.9999815648774,1173.9999656157158,1082.9999529248844,1430.999950412951,1559.999902338785,210051442,1100.8540708475116,False
773.2995480624959,762.6873901002109,960.9848395190202,884.5671284729615,1299.985448737163,1262.104219001718,913.997022632479,1173.996579994415,1082.9970803872702,1430.9962370059752,1559.9958126971528,210051443,1100.5101187828054,False
773.0,762.0,960.0,883.0,1298.0,1260.0,914.0,1174.0,1083.0,1431.0,1560.0,210051444,1099.8181818181818,False
772.9306261342181,761.9563417838017,959.9458026333268,883.0047819289505,1298.0092095748626,1260.0308346644388,913.9238383847652,1173.9002176032702,1082.903547958451,1430.861849599111,1559.8437682087747,210051445,1099.755528952179,False
372.4808163955458,273.733526884811,319.59508765576174,289.04072730464395,328.7465436015045,227.09356029512128,98.00002788483648,93.00009084234593,98.00007158228328,105.00008191512693,75.00017090707595,211011251,207.24460956991427,True
117.1575145891402,172.60933192796074,111.6718441824196,99.80539862113072,88.27323382382747,142.62084366078489,150.558072853186,73.13761303162191,109.94687643665488,167.47023751298536,219.61941428517284,211011254,132.07912553862587,True
123.63227949893984,85.28413347356343,115.49910532273152,104.7911509173302,108.65097612015757,112.83667068433044,12.000004360153715,10.00000587175066,15.00000862978388,10.000010297026977,22.00000755263181,211011255,65.42675933894546,True
145.0,100.0,139.0,129.0,69.0,138.0,20.00001011576155,35.00000520483519,110.99999590710412,113.99999921771868,64.00000985648879,211011256,96.72727457290075,True
145.00368528510808,100.00261343385682,139.00293677464742,129.0026137953837,69.00409524351198,138.00141054043888,27.00059924936852,88.99989231264229,5.00053991157651,5.000802245148236,5.001087510269031,211011257,77.36547966381376,True
145.21945021045423,100.766607504283,140.04097572915367,129.97635781292735,73.32122738800791,140.90668073197912,2.4430046937512486,7.410337783993697,6.4412010394211165,5.353057427251173,11.452625033458588,211011258,69.39377503224374,True
95.08801454403874,223.87877793184816,90.18952334362076,77.05566515294595,100.2365772786652,145.20996309823022,14.000034346747835,21.00002459096989,15.000078377777577,35.00002181116152,31.00002352766577,211011259,77.05988218215197,True
95.09846723353552,223.9238875940033,90.23006590859023,77.17272714006305,100.12490820589868,145.288536773401,102.95331961978576,62.9950269891628,307.7504253018997,61.05279454973389,82.07599719677768,211011260,122.60601422844105,True
395.9766369913148,277.9908923155901,338.9883175087377,306.99139377024954,348.006981657129,234.00668864275437,133.00000863593542,174.9999638541818,161.99998967457918,180.99999247709783,215.9999996686666,211011446,251.7237150178397,False
390.61951749713626,277.01709652110003,334.54736811760813,302.8867504390655,343.5835830490105,232.3991163522005,98.00000150419636,51.00003072256602,97.00000750021636,91.0000178194996,198.99998417055588,211011447,219.732133972105,True
392.6223589273619,275.60473532226706,336.3086077976135,304.6046381150174,344.2459933237241,232.7080436391435,98.0000042436852,51.00000336046264,96.999995408969,91.0000088726801,198.99998816197015,211011448,220.19039792480862,True
395.9978032129176,277.9984622559924,338.9980919965346,306.9982038361891,347.9992810205048,233.99871755837523,132.99982279051744,174.9997616419673,161.99976218191193,180.999746873355,215.99969912268068,211011449,251.7263047719042,False
179.87838002454396,162.608462821874,162.89873920706694,134.6001062419662,283.2262271937499,288.6051956461739,43.0000091852957,31.00001530570231,78.00003073667207,53.00002460215871,58.00003379179555,211021261,134.0742931597272,True
54.97662755771697,51.904740846351054,70.64370572679272,40.67164610509956,45.48830972576519,50.46500411094465,39.00000602527591,24.000007714457134,16.0000249090305,22.000014609485987,27.00002477086328,211021262,40.195464736525714,True
207.5778100304451,204.22460575494188,245.28772608230796,238.19922400198263,405.8076611525976,288.82171197979187,29.000026871576203,35.00002619764772,36.00004463541072,33.000039741282976,25.00003481305472,211031263,158.90171920554903,True
206.99962528761944,203.9996835908711,244.9997747241573,237.9992952625762,405.9988926485654,288.999387254707,54.00001433020042,72.00000751851896,50.000030249964894,71.00002289449058,61.00002972209072,211031265,172.45425122579653,True
150.01395076925195,160.0107958225345,205.00845257423535,101.0395761704249,279.02126382431334,196.0450222732856,56.02587798753581,122.01837975333622,96.03433905758077,166.0268007699497,306.9970513711545,211031266,167.1128645794184,True
157.10320284213958,165.47861774775083,209.97734555823263,118.03126085589612,294.767982391495,207.54809858336372,54.000458902844656,69.00044640692879,174.00039610641534,159.00046942429344,103.00042390541466,211031267,155.62806388407046,True
149.99966716923245,159.9996086036499,204.99948957225115,100.99984000687893,278.9992163139293,195.9994952803613,23.000051924979388,44.00010827582774,42.00008577684164,26.000202107632138,40.00037696082631,211031268,115.09074018112818,True
207.00067105010203,204.0008071472544,245.0016599714736,238.0006396748895,405.9998951059124,289.0009419555545,274.9998079318244,277.9997972988499,385.9996974859329,392.9997304797383,283.99981356844404,211031450,291.3639510609069,False
203.6188251200947,201.40059359678708,242.67088440983207,229.83749561567677,398.4078295712534,283.47771316513536,274.7915419077861,277.85053311126967,385.7230945419839,392.7820757797025,284.01697408775897,211031451,288.59796008248003,False
207.000012758268,204.00017341877947,245.00068945120077,237.9994906967568,405.99910517700846,288.9999367330156,274.9768085159379,277.9780640334706,385.9777171503486,392.9754121518672,283.9809878437248,211031452,291.35349072094346,False
130.28489208221436,153.66205036640167,160.6032373905182,135.96654677391052,166.86043167114258,283.01618695259094,26.00002632123704,83.9998044699104,96.99978542967663,130.9999469021722,49.00026708587323,211041269,128.85392504051345,True
134.94757110245064,145.93883030463326,182.92431642558492,122.94506956938665,147.93310761357577,394.79055533989344,92.99990797251512,120.99988407890515,116.99989143936084,115.99992372063168,64.00013018210086,211041270,149.13447161354895,True
137.79119491577148,157.4242863804102,169.01938432455063,137.89458913356066,176.55500299483538,313.00497160851955,53.00004270195319,56.00004206433637,113.00000122578076,167.00002450622128,109.00001462472656,211041271,144.5172322255151,True
135.71574144509214,146.68327093543485,184.045215442864,121.93641968215525,154.29061102255946,385.40136699703,49.999994384209046,50.00000733991314,43.00001387792345,24.0000302771845,53.00000672766035,211041272,122.552061648366,True
134.94566520456152,146.1063146441507,182.87366390088567,122.93769613723764,147.93482733340102,394.65938897619225,35.00002689948072,39.000024759541006,87.00003255486413,41.00006777058839,33.00011548478982,211041273,124.04162033324482,True
59.28750987334013,41.39270291956518,43.1725662781015,29.61342293135374,228.78694862667123,39.50027250585731,10.011498497048876,11.009980379085397,7.012085155201486,10.012083161256516,9.00907697280716,211051274,44.43710430002623,True
315.9929656117888,334.9915633808786,513.9827460435363,341.9932633054221,390.0008359731147,441.9901151379927,22.000047615755964,25.000036062771045,94.99998926882134,79.00003062218492,278.9998686801892,211051275,258.0864965184051,False
104.63824266187834,88.69395602151343,70.76962520309051,89.68839130821115,142.67136562563277,99.76551617835617,73.00000362473908,73.00000264361505,70.0000030890153,68.000004036308,75.00000291799303,211051276,86.83882848275935,True
315.9950032523818,334.9940103018293,513.9879190854813,341.99511673847445,390.00040441774047,441.9928900491073,63.00330572102199,57.00344770711652,108.00430934104304,67.00509621655549,65.00341958302582,211051277,245.3622656739798,False
112.04172246884426,124.43873614005808,171.37941976746183,118.9664776154097,139.82097481103435,143.39922754306428,113.99998781610869,66.99999656401454,111.99998989344256,106.99999148475106,96.00000048950288,211051278,118.73150223579019,True
38.00658540084368,48.00335556115958,47.00338783123985,38.002447142464206,49.00519734958604,35.00943891662931,11.00000708729827,9.000006540400351,6.000003517830771,15.000007744605307,5.000006132886118,211051279,27.36640392954032,True
315.99974831349215,334.99971483972024,513.9995459383658,341.9996982290848,389.9998412161069,441.9996073775237,19.00000863440172,12.000010203017217,14.00000961179462,23.000005774559916,24.00000543500734,211051280,220.9998359611886,True
315.90231458254857,334.88260062388144,513.7589371796348,341.90679342707153,390.0143161051674,441.86288201931166,114.00000832749016,106.00000936585418,106.00005645405685,176.99999147251992,133.00000455737137,211051281,270.39344673771893,False
55.90239691965877,38.89734108256249,41.35804924801285,27.974111409529456,236.4502535401773,33.124835719937906,14.000007048130122,15.000007766118324,2.000008934862458,11.000009024165706,14.000010635556006,211051282,44.51882102988285,True
315.9998397343616,334.9998228182262,513.9997168087793,341.9998126879032,389.9998718474526,441.9997547193869,45.00000422765805,28.000003748831222,21.000008587835183,31.00000769874839,21.000009010859245,211051283,225.90898653545835,True
55.000372241385776,38.000262013049,40.00032668297808,27.000306291932247,236.00011459092275,32.00022052706299,11.000006164622576,11.000003545345573,12.000004863993142,6.000006420910928,10.000012361812756,211051284,43.45469415491053,True
40.91035181481813,50.98890121637784,51.87338946398562,41.188267289228094,52.56386355655319,39.25108003601878,21.020901539477787,36.01588325024806,13.016722161668348,35.10365687586531,36.00167314709343,211051285,37.99406275921223,True
38.533724222535966,34.41840213499381,42.04815641925961,44.88020264508668,45.63713961665053,36.81783195100434,45.997507774709874,54.998104158607816,32.99800648440815,158.9876398743875,37.99979838005537,211051286,52.119683060154514,True
853.7818471007049,853.8052193378098,1103.047602152452,1206.516961256042,1484.9845892516896,1580.7782053812407,261.0096004488505,184.0070974550707,408.9976125304016,657.9845128556046,839.9841568424683,212011287,857.7179458738487,False
162.29108205530792,132.03880179766566,144.37976168934256,130.06241206265986,184.65758212003857,234.24093410745263,71.00013456341372,56.00007809725295,47.00009231961439,42.000095979198974,63.00008824608429,212011288,115.15191482163922,True
152.73938284579344,122.43250975933915,131.5698370161117,115.73843955336632,167.06891493091825,215.48146164100035,77.99998282340846,57.99999554412106,37.999997953514814,36.0000511504912,59.99999019504182,212011289,106.82096031028242,True
175.89109959137932,162.66626207893205,263.41995842460983,255.51144263152852,344.279779669494,305.4413200793615,58.0000071110265,60.00000719629369,61.00000897803555,124.00000945830897,109.00001299912373,212011290,174.4736280198267,True
878.2454253956676,880.352130047977,1140.5120440479368,1251.066477995366,1540.5837106406689,1640.2054851483554,482.0184303820125,293.5225802237543,332.03822021070494,341.2725972620608,337.7751530462387,212011291,828.8720231273404,False
898.0000004162129,901.0000003088032,1168.0000003054463,1282.0000002349589,1578.0000003759342,1679.0000005336922,497.9990296533831,358.99913857155684,356.00001600495864,289.00132515222515,465.0007728852044,212011292,861.181844040216,False
888.9802860357304,814.0178109096742,668.2139107427029,353.4220849121557,365.5547548397444,273.6486163760092,151.0758991599953,95.06644873725908,66.25528041794225,91.42382705955026,49.58401757382831,212021293,347.0220851604174,False
638.1998171472897,548.7308673891869,517.2649094839514,347.1251985763366,307.03951547824545,213.95341360764988,72.99724523578375,123.98040135953228,173.97238994559947,205.96339163441056,284.94424478149176,212021294,312.1973995126798,False
105.168941830927,152.07209989735838,165.2225204370825,236.99525917818573,178.0055038397213,152.8219850883088,76.06059087049528,51.56017727639807,64.17867975207582,62.03382022631959,92.06687712494012,212021295,121.47149595652841,True
105.07135592931894,152.0514323398421,165.04805044549016,237.0123318449245,177.02475268347524,152.0440959897382,38.04232112971253,34.22372134912707,4.085212310491029,48.022101240579126,78.03809092095133,212021297,108.24213328942277,True
765.8346123956006,709.9388811698557,588.9093232133544,334.6385672860846,335.4090591480904,253.994259424439,48.23264137551336,44.1528802836894,47.395435858538406,50.66424542393662,39.87509652548991,212021299,292.6404547367811,False
105.02663820883026,151.9832222535333,165.0031876291323,236.95575032394845,177.01869866679772,152.04545201949077,17.003633410869725,15.004689715506773,32.99649915009214,54.98239604512487,42.996496050825606,212021453,104.63787849765016,True
105.0,152.0,165.0,237.0,177.0,152.0,17.000017144634334,15.000011989573617,33.00000866635791,55.0000034587235,43.0000130487192,212021454,104.63636857345533,True
845.5076973251998,777.2756328880787,640.0961385332048,346.5649168752134,354.5707250349224,266.28754153847694,57.99999643173781,109.99991822898885,108.9999204955352,194.99981375252585,63.99996831390168,212021455,342.39111540161684,False
787.7332158550976,728.4915742993725,603.0291030371538,338.0166787455109,340.7166687905774,257.3708415448028,57.997749452282136,109.96773577211592,108.96909147510245,194.9352031244368,63.98271194544477,212021456,326.4736885492634,False
1126.999932825565,1253.9999252557757,1280.99992364645,1645.9999018907547,2047.9998779296875,1706.9998982548714,117.00738400727202,130.00891387943278,105.0146452832622,127.01528118815963,146.02178606108745,212031300,880.7334063838472,False
606.1851334505773,586.5771593575046,676.7144390654285,836.3229129676765,919.1611033277876,730.4039165003196,734.9784616463523,882.9752928097445,1343.9617680143997,1415.9601625326914,2006.943710492353,212031301,976.3803691058939,False
1126.9945203293676,1253.9907456048547,1280.9880793243392,1645.9762386450132,2047.968844527724,1706.9734086748083,188.99660660035784,255.99267210433644,326.99110591286444,223.99544782526792,506.9838324909881,212031302,960.5319547309019,False
395.31299436940986,316.3718074177432,431.9979432964525,508.4676879531356,462.0828963520426,334.889458776467,160.00002286563856,169.00002754273626,87.00003970588865,151.00004283910664,70.00005843124622,212031303,280.5566345045334,False
1126.999568456153,1253.999484932004,1280.999497603039,1645.9992739171971,2047.999065278972,1706.9992745309546,346.9979873403959,338.99781566156366,432.9969063099369,508.9954823562541,458.9956496339096,212031304,1013.6345460018525,False
1126.9913011874542,1253.99033886318,1280.990005513048,1645.9866430431937,2047.9823259797724,1706.9853248263005,100.03527943761326,63.0416254557878,87.036244611916,94.99964732142028,73.9908795850258,212031305,862.002692347701,False
1126.937346282188,1253.9211620037745,1280.9184030538952,1645.875641990224,2047.83857814328,1706.8762823997624,166.00345406077193,140.07433266999337,155.0200700816191,95.00603315751864,57.020281785746974,212031306,879.5901441480703,False
284.98286212304845,175.01198442321547,303.9918343801447,336.97631737700794,223.0073110102284,128.01821569080778,14.000004676177316,19.000006954160888,15.000004236460809,23.000004620304104,33.0000019803431,212031308,141.45350431562716,True
889.0018775046228,814.0034673623813,668.0048286130004,353.01018033395667,365.0132505521178,273.0112899643464,54.00137600509379,24.00360868132293,34.00466707658711,22.004890967921483,6.008372298931136,212031457,318.3698008509347,False
889.0815276128706,814.1506597748958,668.2098607590888,353.4425780992024,365.5760630965233,273.490831599338,54.00002538242172,24.000189674505265,34.0001729678266,22.00037331631356,6.0001461657747175,212031458,318.54112985897825,False
383.9997087690798,437.9996988536046,598.9996253051211,503.9995615537405,522.9996543997379,822.9999989459204,20.00002259233717,23.00001818218841,18.000028530706487,31.00003477440581,18.000040644350705,212041309,307.36349023192656,False
383.9997610198633,437.9997217146195,598.999639733636,503.9995225576962,522.9996278562483,823.0001057268943,45.00000449458539,48.00000141526035,48.00000939279984,61.00005421994828,88.00000328531367,212041310,323.7271319469877,False
353.7817335658348,324.5102443948291,346.1723105920239,274.6575393152342,383.6587247611493,397.5654885674856,241.9287949253624,573.3641817482428,413.82573084634566,152.95703621208511,261.896025730955,212041311,338.5743464235953,False
168.95617147713847,178.95259568299525,249.90855079270773,234.9564847651991,563.5876751678682,467.6945727025054,39.97755193595216,42.00117956446561,49.98275690083403,42.9932975435627,60.97499128754677,212041312,190.9078025291614,True
384.0000238155923,437.9999581330903,598.9998507195495,503.99985121590737,522.9998381406317,822.9996840807461,20.000071693931417,19.00005473515404,7.000128251271078,18.0001289024299,7.0001252319351925,212041313,303.81815590183993,False
398.64377680025336,359.7306211243188,369.3818586268092,283.91350096095186,339.33046878498067,380.1221308674675,309.9997227604873,246.00004373773731,518.999535680358,517.999449032905,496.9995035238501,212041314,383.7382374454653,False
294.6536158208692,277.88991082575376,315.32173756666816,261.7637273254368,441.0674047205357,419.9155250216354,15.000040637507098,3.000054870798463,14.000057053506607,3.000108930924325,11.000062790549912,212041316,186.96474959674413,True
445.999675554748,396.9998337723693,393.9999417500841,294.0000012306947,293.00003503280954,362.000169754656,67.00000689510497,61.00000359142368,98.00000516040186,409.9999377071792,128.9999947507646,212041317,268.2726913818396,False
445.9999501844577,397.0000763582752,394.00028196351263,294.00028196316816,293.00030699718786,362.00060119425393,12.000060636210732,24.00005985436561,13.00007873487846,28.000075372458703,9.000051820868318,212041318,206.54562046178532,True
364.8702476322651,333.1505933701992,351.8242490887642,276.7196615636349,372.3724509477616,393.0460582971573,159.99996612343293,183.00003342408772,204.99997326052616,205.00002062201787,119.00000885250708,212041459,269.4530239256685,False
422.0202568471432,378.1278569400311,381.5340011715889,288.8924072086811,316.4603480696678,371.1763796806336,159.9999846167497,182.99996870626572,204.99999750360743,205.00002744089429,119.00003196533004,212041460,275.4737509227812,False
344.38593594282025,399.6312211933584,424.9753555533305,302.1889369068785,492.85744497375913,810.6305596848918,113.99993598572756,165.99864028109255,164.00145014491315,426.9970835641864,255.999772891706,212051319,354.6969397384241,False
240.83471607832496,292.18333448234284,402.7064323143911,247.0733507997639,363.697060799808,929.7708679790836,185.00000601249087,85.00002832723143,262.9999857321758,381.999948390126,213.999993027752,212051320,327.7514294494083,False
161.8567185029251,206.03864626139648,246.66385429385628,211.7108046065077,186.8140077895657,245.78475796177509,52.1262078353817,57.046241537658105,88.338003303904,99.9723008019304,139.94469694489305,212051321,154.20874907634487,True
390.9986284631234,447.9985405199572,434.9987955211204,326.99926008688067,550.9978721967326,756.996977307716,199.99942128842693,91.9998710765708,123.9998606375753,151.9997975073266,181.9998199203961,212051322,332.6353495023478,False
390.9998945785261,447.99978507788194,434.9999414091292,326.9998384367922,550.9997932811559,756.999898343105,60.00030177686794,80.00041695004705,118.0000285819585,120.00036855421446,106.000417939399,212051323,308.45460772082527,False
390.999210857402,447.9991784584131,434.9998078845624,326.9995723810407,550.9990116510603,757.0008308750935,100.99870283378088,137.99801108549548,119.0001689046654,151.99922714864954,157.99845188370233,212051324,325.18110672398774,False
213.60065629997985,260.4886620010335,289.3182216288472,237.8783519054708,268.9792572227421,361.11155533118273,136.93677922024753,133.94057131813398,80.96499488654139,37.98473431177434,40.98614934461412,212051325,187.47181213368796,True
205.00031536005832,255.00031632397173,395.00020037364993,228.0004563463237,319.0003400372085,970.9991590973632,111.00011963724624,92.00471054043398,244.99459710993557,271.00960406506846,243.00058962732973,212051326,303.18276441078086,False
161.95971741576562,205.99244142314544,246.89417501343848,211.9106438051826,186.9316957278042,245.9255550619744,20.09784289273084,268.852921112283,42.05061229679123,59.079136231677694,59.11734028293941,212051327,155.34655284215754,True
648.0,558.0,1043.0,1277.0,1185.0,748.0,38.00085107310072,35.00020684607634,94.00007744113304,49.00008403616383,56.00009801340881,213011328,521.0001197645347,False
648.0,558.0,1043.0,1277.0,1185.0,748.0,21.167502415216223,16.048407625713416,21.059870101619087,16.035671127840516,58.0146464403381,213011329,508.302372519157,False
648.0088150293781,558.0073410451329,1043.0080889056678,1277.000853117329,1185.0005616115504,748.0003701765859,283.97386607797216,91.99438263589612,114.99077381956975,71.99633217851513,80.9983644452986,213011330,554.8163408220815,False
97.00140788404678,289.0008897472874,160.0017330277294,118.00148007642817,308.0009923351085,176.00061628229628,4.000045110966136,5.000038545695077,8.000038070937782,4.000027104421814,5.000037160962911,213011331,106.72793684962548,True
121.60920661687852,301.01428966224194,199.43725841492412,169.76419515162706,347.169278241694,201.54712387919423,36.00000084631834,21.000077432350853,18.000008694193802,13.000022387670782,31.0000185667126,213011332,132.68558908125513,True
333.6890276024933,404.5531377364723,539.3019283118438,615.8577188636473,684.7219392752468,421.70678047057936,16.000458460917727,3.000434853058985,38.00012581889075,35.00032692575087,31.00019688948826,213011333,283.8938250189445,False
97.00147308338092,289.0007051219213,160.00236041166022,118.00310355424996,308.0023357090124,176.00152485036506,72.99999431701593,44.99999662833641,83.9999925864333,122.99998792978732,181.9999816229701,213011334,150.45558689228483,True
647.998223793842,557.9991260505376,1042.9971534289652,1276.9962662632097,1184.9971685761848,747.9981539791333,25.00000717440586,28.00000187294691,20.000010593089065,31.0000070530654,29.000019334003333,213011335,508.3623761926712,False
647.9999100185296,557.9999586367585,1042.999615496517,1276.9992039202075,1184.9997933096156,748.0000426100596,44.00011444707364,253.99999413526,24.000120343111725,33.00015878687577,123.0000346462215,213011336,539.72717694093,False
647.999831277473,557.999883142573,1042.9996597768268,1276.9995097110495,1184.9996966595756,747.999874834746,51.00003042891247,35.000033854615914,47.00005305645238,50.00002805799146,81.00001836319412,213011337,520.2726017421281,False
647.9996671072022,557.999960803932,1042.999476873248,1276.9992379457658,1184.9998036566342,748.0003712180527,121.00002110587856,122.00002462343332,175.00000232331612,72.00001249162614,182.00000961786165,213011338,557.3635079788137,False
97.003219459526,289.0020384536424,160.00396366137784,118.00338481446988,308.0022732459629,176.00141152494643,41.00001053882454,15.000084632063924,31.000092796118096,21.000123373176827,60.00009549493129,213011339,119.6378816359127,True
97.00053282075272,289.0002756539377,160.00052203638006,118.0004829300306,308.0003850026378,176.00035851600944,21.00001002850665,17.00005349486591,24.00002957599877,45.00003517287263,12.000049929758056,213011340,115.18206683288639,True
165.00325674257073,218.94885235362284,228.93669732232647,282.9114058094681,252.98526205820667,446.7826274865809,210.9995073952276,108.99979526164108,93.9998572706849,110.999779779191,164.99966588814814,213021341,207.77879157887898,True
165.0004900184795,219.00049579580676,229.0003927734873,283.00056724520505,253.00113498522592,447.0008431127422,40.00012190547283,35.00009340786207,40.00010391813698,30.00011205579588,43.00013988100729,213021342,162.18222682720196,True
165.0040623116409,219.00459898792064,229.00706372088175,283.00737150088634,253.01224345425803,447.00755806380926,101.00000203683726,134.99999667617192,153.99999816419427,196.99999005384583,214.9999966182121,213021343,218.00389832624163,True
169.00060914835876,152.00065713096063,146.00103994205227,167.0009608744122,233.00127472371597,163.00134943750646,135.999968281569,118.9999881354962,144.99998401505678,154.9999862892764,161.0000183134708,213021344,158.72780329926138,True
165.00868252774126,219.00876908842477,229.00692749206155,283.0100214457152,253.0201444950708,447.0148902617857,2.000503039075141,6.000399764242019,5.000456419558077,4.000474365573268,4.000579292488851,213021345,147.00653165379424,True
169.00000010829916,152.00003893336162,146.00004765304055,167.0000660933145,233.0000141850712,163.00015845594277,49.00001491849154,66.00000702173566,99.00000437745156,93.00000698293285,144.00000409191716,213021346,134.63639662014168,True
597.9999015325644,541.9999007397385,783.000019610386,715.0002814227885,1061.9998635848576,799.9997983282306,203.99165077436004,336.3245766775651,148.99868509131608,289.98435201493254,174.0262451782744,213031347,513.9386613595469,False
597.9998473598374,542.0001318564689,783.0000708043314,715.0002904150454,1062.000450537017,800.0010628205213,89.99992457665078,869.9986758253625,158.9998023949378,407.9993939041855,1189.998071329295,213031348,656.0907019839684,False
597.9995522654676,541.9996835427617,782.9994212903382,714.9995446492728,1061.9992511936705,799.9995950835348,172.00025629761456,960.997047872026,144.00007987345805,230.00056153088255,274.9991959100663,213031349,571.090380864463,False
598.0,542.0,783.0,715.0,1062.0,800.0,26.0000295078998,26.00019254851124,36.00003759044306,41.00007942709057,31.000246237273814,213031350,423.63641684647445,False
597.9999754489947,541.9999637493495,783.0001564038271,715.0004679745775,1061.9999810097397,799.9998992066745,99.99998754516226,173.00192483254102,79.0002423653527,77.00093152959879,56.00314411048108,213031351,453.18242492511797,False
597.9997762813796,541.9999419307334,782.9998344688099,714.9999778261582,1061.999969407418,800.000364897756,60.99999892165868,87.00002769687805,83.99999753869372,72.00001447103148,177.0000184175465,213031352,452.8181747143694,False
193.3888139779495,111.4463403843842,145.58924344622858,202.62914791734156,434.8036129390073,298.91588371406647,353.0000091244437,276.00000531719496,243.00000638015277,246.00000739612452,291.00000880715425,213041353,254.16118903673166,False
900.753158566964,789.4444247674692,1142.854979061056,1078.3793906629726,1207.2012223243364,991.3906104487831,116.00176191124052,358.99428548813603,427.9922462378884,488.9889725694157,551.9880188548128,213041355,732.1808246266431,False
611.6906658733284,591.6449198741952,779.5312353830802,879.4994719665084,1299.360640804068,1284.2713493755,150.00175025381148,64.00163713657832,59.00215385839127,105.00195118216617,88.00287359399077,213041356,537.4553317546926,False
611.7694263232975,591.7360664657128,779.6513216618339,879.6290171027042,1299.5178099957932,1284.4561236069064,523.9997726870739,370.9998016094616,464.9997458330712,467.9997537806667,632.9996762724279,213041357,718.8871377580863,False
611.5152527267346,591.443521271809,779.2653554870049,879.2156090757344,1298.998112711357,1283.858121274272,239.00008490043325,142.00006921407274,180.0000600644967,196.0000686733657,247.0000780376537,213041358,586.2087575851759,False
765.1821178153083,696.7421837189953,972.4922888277875,985.2496060061223,1250.7996542343317,1129.282096306316,3.004538779154563,7.004023596434809,5.001935187151199,3.0037202231606237,162.9995580781756,213041359,543.7056111611763,False
1215.9851934269536,1004.9905265972484,1538.9817532375455,1294.9844260211105,1105.989441611804,670.9934505783021,176.99976581985112,163.00128058839715,162.0014342945148,110.0024285540728,140.00239686276416,213041360,689.4483725084149,False
1215.1883788206933,1004.3612820619738,1538.29125697691,1294.9742684538812,1106.112878013406,671.1100216617031,242.0224767541455,222.92438648060136,98.00925341131676,197.92752085788072,120.9769133019114,213041461,701.0816942540386,False
1215.992326194074,1004.9950814807698,1538.9905416886031,1294.9919278555626,1105.994518707299,670.9966005059105,241.79974383309764,222.81513967270436,98.19696215273314,197.7289915072269,121.0584186306266,213041462,701.2327502026008,False
1215.999927520752,1004.999940097332,1538.9999082684517,1294.999922811985,1105.9999340772629,670.9999600052834,241.98756640790765,222.99185900886795,98.01469725685372,197.9893677535087,121.00880528704278,213041463,701.2719898632042,False
1003.0000507386226,1229.0000443910176,1733.9999960235089,1849.0000280010568,2873.0000702500497,2220.0000760841917,15.000534034070697,23.000428820530534,16.000522766990702,43.00063384210325,30.000779791564263,213051361,1003.1821058857913,False
1003.0,1229.0,1734.0,1849.0,2873.0,2220.0,16.000026342991966,16.000019567945763,39.00001597622644,23.000026543918796,21.00004242195889,213051362,1002.0909209866403,False
926.7269727431908,1137.0716526919614,1597.0179574343776,1706.466005506673,2634.5324487155804,2058.6245083366366,117.9998917889638,194.99952543062645,260.9991792669929,263.0001372326261,381.9990347615473,213051363,1025.4033921735618,False
1002.9997903191224,1228.9996880315452,1733.999540752054,1848.999529979968,2872.9992339855185,2219.9995059802,696.8078299457957,416.0344159307317,464.083112297278,520.1980199744752,682.1553158298838,213051365,1244.2978166387793,False
1002.9996929393228,1228.9993375679155,1733.9993169765369,1848.9993725408665,2872.998162358112,2219.998399992808,344.0399578089056,476.031281293403,612.0599436279253,876.4162235347753,959.8303124889948,213051366,1288.761091011779,False
965.4871678225464,1042.8904312411323,946.690089727752,1263.510761098354,2173.7598667292623,1851.57994949806,59.00020437586089,143.00008601244502,83.00016821577206,97.0001902897826,175.00028992852884,213051368,800.0835640854089,False
404.9996833255976,375.99959548474857,487.99949505303664,604.999366452058,712.9998276052279,776.9992968277758,441.9968339991914,208.9987247474163,236.99881340625117,239.99922120803737,352.000297321653,213051369,440.3628323119085,False
961.9996678848886,1023.9996646842216,864.9997352219227,1202.999616865082,2101.9992291798585,1813.9994307788097,1055.0000029898918,844.0000044268608,960.00000347705,1006.0000032880092,1221.0000054046156,213051464,1186.908851291019,False
961.4040993671748,1023.3988027911714,864.5279899791158,1202.3146487389245,2100.620396664927,1812.9793229516129,1054.9972924289236,843.9980957052866,959.9976673782312,1005.9975740889398,1220.997213026712,213051465,1186.4757366473655,False
962.0,1024.0,865.0,1203.0,2102.0,1814.0,1054.9967378114989,843.9977091024693,959.9971291255016,1005.9970249222616,1220.9965797064715,213051466,1186.9077436971095,False
1002.9763126928046,1228.9662218644226,1733.9506623901252,1848.950735775496,2872.914477474249,2219.9428513743514,110.00003190042008,71.00001547426567,106.00000907984725,150.99999574901716,371.999947696669,213051467,1065.245569224697,False
405.00007208679847,376.0000861470039,488.00006473078577,605.0000888874866,713.0001900255457,777.0001401407594,110.00019605455698,71.00008320638676,106.00007791087752,151.00005307936394,371.999988642073,213051468,379.4546400828762,False
466.1515879184756,486.5185166498035,436.3624592665053,279.949150249912,464.5944131913433,571.3829361805795,161.00026312147392,160.00164222282788,150.00039687164275,53.00034553077481,171.99993431424377,214011370,309.1783314106893,False
394.0,365.0,314.0,204.0,357.0,314.0,79.99998161452336,490.999873036631,130.99995647993384,121.99996206157232,63.999994150983866,214011371,257.818160667604,False
394.0001048012822,365.0001588281021,314.00015676120154,204.00009783908536,357.0001426317559,314.00030922329995,23.00002167386503,26.000069848951647,18.00002461947193,33.000012961362025,51.000008928369375,214011372,190.81828255606794,True
394.0025314057261,365.0106350493973,314.01530163151494,204.03438723068345,357.0080640351053,314.0165006211094,48.000007527774585,72.0000516239143,39.0000140570197,32.00001202877134,46.0000068633477,214011373,198.64431927948763,True
558.6344415578478,642.2791393765561,593.2047836670056,377.2997598633999,602.5077227117793,901.2925849376104,99.00009708467934,274.9997446923463,112.99996288550408,87.0000126765258,67.0000040026335,214011374,392.383477586899,False
393.9999496404057,365.0000233856048,314.0000653847029,204.0000564465019,356.999958443179,313.999969615853,63.00001640167208,72.0000946811801,58.00002014477846,49.0000084752478,65.00001757403138,214011375,205.0000163811961,True
565.0010465705905,653.0009760192149,604.0011911110564,384.0025833963323,612.0026945939969,924.0010180804334,200.00015339744527,159.00036493750108,99.0005418374846,110.00048022157752,72.00064413755727,214011376,398.36469948210816,False
581.999010879043,556.9993534006833,639.9988486154465,469.99995422049466,447.99978989632734,753.9982577521366,164.99984091117454,193.99967559222537,258.9993485601614,397.9986615319313,309.9991092745672,214021377,434.2719864212901,False
493.6440147534013,496.0980585813522,552.1033766940236,427.38397478312254,416.4331976845861,614.288545332849,39.00069253607211,34.000655581497874,44.00058274532363,55.00048750392422,45.00066371027965,214021378,292.45038635513026,False
294.9999824166298,356.9999787211418,361.9999784231186,310.9999814629555,337.99997985363007,308.9999815821648,172.99998105973654,127.99998626596717,94.99999072110084,132.99998655554833,142.99998496513967,214021379,240.3636192751939,False
415.0,452.0,439.0,485.0,423.0,449.0,159.99516173173996,224.9824573366232,276.9720839189523,160.9908712208611,350.9581168499187,214021380,348.8089719143723,False
414.9960078935375,451.9836144978516,438.97648140694696,484.94715464581526,422.9875627593766,448.9745882928588,69.00007779060712,47.00017559056927,44.00024199339113,55.00010229444473,49.00029504944556,214021381,266.078754746804,False
417.80315574631095,453.7624621260911,442.37385845184326,484.74821662530303,423.4196320772171,454.1195376701653,132.92984756487172,126.93123248237244,120.94374882077538,109.95935347833912,116.94819730629725,214021382,298.53993112268967,False
582.0,557.0,640.0,470.0,448.0,754.0,173.97241459857085,137.97874927883214,179.97220869929828,155.9793641671503,185.9711928275013,214021383,389.53399359739575,False
582.0,557.0,640.0,470.0,448.0,754.0,161.9818803238445,131.98639027542094,128.98934657522204,178.98468805102948,267.9674682328646,214021384,392.8099794053074,False
306.8641233699404,366.3924379917048,369.612828008181,328.20285436366,346.4037706680472,322.8415391129179,28.000582844766416,74.99961329111811,160.99835992874492,71.99976609851123,93.99937367103884,214021385,224.57411357714827,True
